,name,quantity,currency,has_presale,presale_price,presale_date,starting_price,release_date,discord,twitter,website
0,Apes of Space VX,7777.0,ETH,True,0.08,,0.08,,rRrnHCQsvn,apesofspace_nft,https://apesofspace.com/
1,Flying fox club,10000.0,ETH,False,,,,,6WUkAv73NK,Flyingfoxclub,https://flyingfoxclub.com/
2,Angry Falcons,10000.0,ETH,False,,,,,25fjeqb3XZ,AngryFalconNFT,https://angryfalcons.io/
3,Sour Pickles,6969.0,ETH,False,,,,,xb9t3CRxYG,SourPicklesNft,https://www.sourpicklesnft.io
4,Akamir,10000.0,ETH,False,,,,,zN7CyEFNvK,akamirETH,https://www.akamir.com/
5,Golf Junkies,10000.0,ETH,False,,,,,kw6bT3jcZB,GolfJunkiesNFT,https://golfjunkies.com
6,Ukiyo Players,10000.0,,True,,2022-04-20 07:00:00,,2022-04-20 07:00:00,ukiyoplayers,ukiyoplayers,https://www.ukiyoplayers.com
7,Combat Apes Social Club,1500.0,SOL,False,,,,,SNHBKFYSme,combatapes,http://combatapesclub.com/
8,Rasta Panda Pot Club,8900.0,ETH,False,,,,,m4QZwk9yAN,RastaPandaPC,https://rastapandapotclub.com/
9,Treasure Sloths,10069.0,ETH,False,,,,,CmuHpcaWFy,TreasureSloths,https://treasuresloths.com
10,Metaplicant,3333.0,ETH,False,,,,,989VTDkxQZ,metaplicant,https://metaplicants.com
11,Pot Pin-Ups,420.0,SOL,False,,,,,wNneh3hHaS,Pot_PinUps,https://www.potpinups.com/
12,The Divine Satoshi Club,3000.0,ETH,False,,,,,zXJn68tdWk,DivineSatoshi,https://divinesatoshiclub.com
13,Mad Veggies,1515.0,AVAX,False,,,,,sg8VWbmZaK,MadVeggies,https://madveggies.com
14,Crypto Battalion,8888.0,ETH,False,,,,,mDNN9rfAmB,battalionnft,https://CryptoBattalion.xyz
15,Dripperz Cyber Club,5555.0,ETH,False,,,,,dripperzcc,DripperzCC,https://dripperzcyber.club/
16,iDreamer,3333.0,ETH,False,,,,,impermanent-digital,idreamerNFT,https://idreamer.xyz
17,The Weedez Club,4200.0,ETH,True,0.05,,0.05,,DH6vaGzYH3,TheWeedez,http://weedez.club
18,ChainNationGirls,7777.0,ETH,False,,,,,XuECJw5bTX,Chain_Nation,https://www.chainnation.info
19,Cosmic Soup,118.0,ETH,False,,,,,zRE9jKtmzZ,CosmicSoupNFT,https://cosmicsoup.io/
20,Mayhem Alumnis,2000.0,ETH,True,0.03,,0.03,,M9J7hkERY5,mayhemalumnis?s=21,https://mayhemalumnis.com/
21,Munchie Mafia Night Club,9999.0,ETH,False,,,,,munchiemafia,themunchiemafia,https://themunchiemafia.com 
22,The Orc Horde,10000.0,ETH,False,,,,,8pgVATSD9k,OrcHorde,https://theorchorde.com/ 
23,BabyDogeArmy,10000.0,ETH,True,,2022-04-20 13:20:00,,2022-04-20 13:20:00,babydogecoin,BabyDogeCoin,https://babydogenft.com
24,SmurfZillaz,4200.0,SOL,False,,,,,smurfzillaz,SmurfZillazNFT,https://smurfzillaz.com/
25,Party Potato Club,8888.0,ETH,False,,,,,nu9BZtVtTU,partypotatonft,https://www.partypotatoclub.com/
26,Meta Friends,3333.0,ETH,True,,2022-04-20 19:00:00,,2022-04-20 19:00:00,e27AAT7CXB,MetaFriendsNFT,https://www.metafriendsnft.io/
27,All Of Us Are Eggs,5000.0,ETH,True,,2022-04-20 00:00:00,,2022-04-20 00:00:00,xXssKm7P,allofusareeggs,http://allofusareeggs.xyz/
28,Kevin The Monkey,4444.0,ETH,False,,,,,kevinthemonkey,KevinTheMonkey,https://www.kevinthemonkey.io/
29,Meta Nomads,1000.0,ETH,False,,,,,meta-nomads,meta_nomads,https://metanomads.world
30,Plumpkin NFT,10000.0,ETH,False,,,,,FpZwktQwXh,PlumpkinNft,https://plumpkin.net/
31,Good Monkeyz,10000.0,ETH,False,,,,,goodmonkeyz,goodmonkeyz,https://goodmonkeyz.art
32,WOMEN RIGHT CLUB,10000.0,ETH,False,,,,,saMaKYedTt,womenrightclub,https://womensrightnft.io/
33,GreenBudKillersClub,420.0,ETH,False,,,,,jWNmMH7Z9U,greenbudkillers,https://greenbudkillers.club
34,Bad Putin NFT,9999.0,,True,,2022-04-21 11:00:00,,2022-04-21 11:00:00,AaZQk4RXSD,BadPutinNFT,https://www.badputin.io/
35,Angryfrogs,10000.0,,False,,,,,mzgxtECh93,Angryfrogsnft,https://angryfrogs.io/
36,Funky Bunnies,3333.0,ETH,False,,,,,funkybunnies,funkybunnies3d,https://funkybunnies.xyz
37,BoarWar is a collectible card game,8000.0,ETH,True,0.03,2022-04-21 14:00:00,0.03,2022-04-21 14:00:00,tWpgZPTF54,Boar_War_NFT,http://boarwar.io
38,Sayre,5555.0,ETH,False,,,,,Sayre,sayre_project,https://thesayreproject.com/
39,The Assembly Vol. 3: The Mayans,1000.0,SOL,True,2.0,2022-04-21 16:00:00,2.0,2022-04-21 16:00:00,yaDcK9J5ze,theassemblynft,https://theassembly.gg/
40,CyberCatz,10000.0,ETH,False,,,,,je3Z69XTA4,CyberCatz_,https://cybercatznft.io/
41,Bear Cartel,6666.0,ETH,True,0.08,,0.08,,bearcartel,nftbearcartel,http://bearcartel.club/
42,VOLTZ,9999.0,,True,,2022-04-21 00:00:00,,2022-04-21 00:00:00,cunnqtDUkv,voltz_me,https://voltz.me/en/
43,magical mothers,2222.0,ETH,False,,,,,DtvZX9Zu,magicalmothers_,https://www.magicalmothers.art/
44,MoBioZ,8888.0,ETH,False,,,,,mobioz,mobioz,https://www.mobioz.io
45,SupGators,10000.0,ETH,False,,,,,supgators,supgators,https://www.supgators.com/
46,DIGIFOLK,10000.0,ETH,False,,,,,M3eRt6R,DigiFolkNFT,https://digifolk.io/
47,NEON PLEXUS: OVERRIDE,9000.0,ETH,True,,2022-04-22 09:00:00,,2022-04-22 09:00:00,neonplexus,NEONPLEXUS,https://neonplexus.io
48,SprayManX22,1000.0,ETH,False,,,,,,,
49,Pirates NFT Club,2000.0,ETH,False,,,,,J5YMEqtNyK,PiratesNFTClub,https://piratesnftclub.ambition.so/
50,Bouncing Buddies,10000.0,ETH,False,,,,,mPNgBmApBC,BouncingBuddiez,https://bouncing-buddies.com
51,FANZONE Sports Club,555.0,ETH,True,0.1,2022-04-22 10:00:00,0.1,2022-04-22 10:00:00,discord,fanzone_io,https://www.fanzone.io/fanzone-sports-club/?mtm_campaign=drop&mtm_source=calendar&mtm_medium=raritytolls
52,SolSeats,8185.0,,False,,,,,tufdEhnsec,SolSeats,https://thesolseats.com
53,ETHX AI,2222.0,ETH,True,0.06,2022-04-22 11:00:00,0.06,2022-04-22 11:00:00,ethxai,ethxai,https://ethx.ai/
54,The Delinquents,5555.0,ETH,True,0.05,2022-04-22 00:00:00,0.05,2022-04-22 00:00:00,D2tkkJCj2A,DelinquentNFTs,https://delinquentsnft.com
55,Animfers,999.0,ETH,False,,,,,CT9kMzYUKD,animfers,https://animfers.com/
56,Mutant Turkeys,6666.0,,False,,,,,HjnVyxydv9,TurkeysNfts,https://turkeymegaverse.com
57,Asian Identity,8000.0,ETH,True,0.05,,0.05,,asianidentity,asianidentity,https://asianidentity.io/
58,Coffee Junkies,6000.0,ETH,False,,,,,DtcgkNMC9H,coffeejunkienft,https://coffeejunkieclub.com
59,Figment Country Club,4000.0,ETH,False,,,,,Xq6KWHERs5,livefigment,https://country.figment.live/
60,Metaboards,4000.0,ETH,True,,2022-04-22 00:00:00,,2022-04-22 00:00:00,metaboards,metaboardsnft,https://metaboards.space/
61,Stiffy from Prickheads Art,2022.0,ETH,True,,2022-04-22 00:00:00,,2022-04-22 00:00:00,#discord,PrickheadsArt,https://prickheads.art/
62,SupGators,10000.0,ETH,True,0.04,,0.04,,5kKm35uWHr,supgators,https://www.supgators.com
63,Valorien,3333.0,ETH,True,0.05,2022-04-22 00:00:00,0.05,2022-04-22 00:00:00,Valorien,Valoriennft,https://valoriennft.com/
64,CowLoots,8888.0,,False,,,,,,,
65,Mutant Satoshi Club,10000.0,MATIC,False,,,,,mt8yzgVxrS,mutantsatoshi,https://mutantsatoshi.com/
66,Naughty teddies club,5000.0,ETH,False,,,,,ntc,naughtyteddies,https://naughtyteddiesclub.com
67,Wardrobe Collection Club,2000.0,ETH,True,0.06,2022-04-23 07:00:00,0.06,2022-04-23 07:00:00,SYgdh52e7u,Wardrobe_Club,https://www.wardrobeclub.io/
68,Crypto Gods,1111.0,ETH,True,0.15,2022-04-23 11:00:00,0.15,2022-04-23 11:00:00,6jYDTNMejU,CryptoGods_ETH,https://cryptogodsecosystem.com/
69,LootWorld.io,1000.0,ETH,True,0.03,2022-04-23 11:00:00,0.03,2022-04-23 11:00:00,lootbox,NFTLootBox,https://www.lootworld.io/
70,Solana Succubus,888.0,SOL,True,0.8,,0.8,,solanasuccubus,solanasuccubus,https://solanasuccubus.io
71,Rings of Angels,1111.0,SOL,True,,2022-04-23 11:30:00,,2022-04-23 11:30:00,b4QU2YZy2X,Rings_Angels,http://ringsofangels.com/
72,Solmon,2000.0,,False,,,,,solmon,solmonthegame,https://solmon.game/
73,Gādo NFT,2222.0,SOL,True,0.99,,0.99,,gadonft,gadonft,https://gadonft.com
74,Happi frens,4200.0,ETH,False,,,,,nDSrgvvg,HappiFrensNFT,https://happifrens.netlify.app
75,Legendary Cybons,500.0,MATIC,False,,,,,UPmbY42Uwd,TUniverseNft,https://www.legendary-cybons.com/
76,Parov Stelar x Flowtys - Moonlight Love Affair,10000.0,,True,,2022-04-23 00:00:00,,2022-04-23 00:00:00,MSG2bSjMff,FlowtysNFT,http://moonlightloveaffair.com/
77,Ugly People by Torrealba,10000.0,,True,,2022-04-23 00:00:00,,2022-04-23 00:00:00,uglypeople,UglyPeopleNFT,https://uglypeople.art/
78,NFT Racers,5000.0,ETH,False,,,,,kNxMXhZvyU,NftRacers,https://nftracers.com/
79,Meta Manor,2500.0,ETH,False,,,,,Uk2uAfZ9GZ,metamanor,https://www.metamanor.art
80,Misfits Ape Society,2500.0,ETH,False,,,,,misfitsapesociety,misfitsapenft,https://misfitsapesociety.com
81,Powerful Hands,10000.0,ETH,True,,2022-04-24 09:00:00,,2022-04-24 09:00:00,kVWAtzvFBp,_Powerfulhands_,https://nftsph.com/
82,Indigenous Women Fighters,5500.0,ETH,False,,,,,discord-holders only,INDIGWomenFTRs,https://indigenouswomenfighters.com
83,Mr. Crypto by Racksmafia,10000.0,MATIC,False,,,,,EqZPMr43Bb,racksmafia,https://www.metaverse.racksmafia.com/
84,The Professor,5050.0,ETH,True,,2022-04-24 14:00:00,,2022-04-24 14:00:00,83QxAxbKsF,9waveslabs,https://www.theprofessor.io/
85,PopCultureKid's,800.0,,False,,,,,AUFWREpX,pcknfts,https://popculturekids.io/
86,Akira Figthers,444.0,SOL,False,,,,,yY2QvxjvWc,akira_fighters,http://akirafighters.com/
87,Purple Ape Club,5555.0,MATIC,False,,,,,PTUerRrMDh,purpleapesclub,https://purpleapeclub.xyz/
88,CryptoVibrantArrows,7777.0,ETH,True,0.0,,0.0,,,,
89,Peanut Family Coin,6000.0,ETH,False,,,,,xTqXCDsywz,PEANUTF_NFT,https://peanutf.com/
90,BoredSnakeClub NFTs,3333.0,ETH,False,,,,,NTebntrE95,boredsnake_club,https://www.boredsnakeclub.com/
91,The Potato Club,10000.0,,True,,,,,6xjXz85zjC,AA_ART_NFT,https://aa-art.io/
92,Dragon Futurist,7777.0,SOL,False,,,,,dragonfuturist,Dragon_Futurist,https://dragonfuturist.io
93,LambBrawl,555.0,ETH,False,,,,,EByvEYejUU,LambBrawl,https://www.lambbrawl.com/
94,Idol Idol,5000.0,ETH,True,,2022-04-25 19:00:00,,2022-04-25 19:00:00,xDhUt8B2uq,Idolidol_Game,https://idolidol.io/
95,PIONAUTS,1500.0,ETH,True,,2022-04-25 22:00:00,,2022-04-25 22:00:00,GyNfcuzSar,pionauts,https://pionauts.com
96,Evolved Mad Apes,5555.0,ETH,True,0.12,2022-04-25 00:00:00,0.12,2022-04-25 00:00:00,TSeJ9G2p8B,MadEvolved,https://evolvedmadapes.com/
97,Kanaky Tribe,2000.0,MATIC,True,100.0,2022-04-25 00:00:00,100.0,2022-04-25 00:00:00,TMkrNSrV29,KanakyTribe,https://www.kanakytribe.com/
98,Octave Club,2222.0,SOL,True,1.0,,1.0,,QPHRcpgstk,octaveclub747?t=0MJCPpe3To6UngYlWl_OEQ&s=09,https://www.octave-club.com/
99,Pirate Life NFT,7777.0,ETH,True,0.07,,0.07,,7G4Uk8gVDw,PirateLifeNFT,https://Www.PirateLifeNFT.com
100,BirdezGang,6333.0,ETH,False,,,,,birdezgang,BirdezGang,https://birdezkingdom.com/
101,Whoopsies Doopsies,6000.0,ETH,False,,,,,kvU3ZtNxMP,WDoopsies,https://whoopdoop.com
102,PompoTheRobot,123.0,ETH,True,,2022-04-26 00:09:00,,2022-04-26 00:09:00,2CYRCUNQns,pompotherobot,https://www.pompotherobot.com
103,Haddie's bay club,7777.0,ETH,False,,,,,haddiesbayclub,haddiesbayclub,https://Haddiesbayclub.com
104,Groovy Trance,100.0,LUNA,False,,,,,gjjcBfbdjD,NFTgroovy,https://groovyafterlife.xyz
105,The Uncanny Country Club,5000.0,ETH,False,,,,,hw74eVH7da,TheUncannyClub,https://theuncanny.io
106,Crazy Karts Society,5000.0,SOL,False,,,,,,,
107,DAO Hydro Power Plant,10000.0,ETH,False,,,,,44UqzAUnnQ,dao_hpp,https://daohpp.org
108,Spinal Foxes,6000.0,ETH,True,0.04,2022-04-26 00:00:00,0.04,2022-04-26 00:00:00,v8fyBScyeT,SpinalFoxesNFT,https://spinalfoxes.io/
109,Silks Genesis Avatar Collection,10000.0,ETH,False,,,,,silks,gameofsilks,https://www.silks.io/
110,Proud Lions Club,7777.0,ETH,True,,2022-04-27 02:30:00,,2022-04-27 02:30:00,8aVXmMeep9,proudlionsclub,https://www.proudlionsclub.com
111,Lunar Crystals,4444.0,BNB,True,,2022-04-27 05:26:00,,2022-04-27 05:26:00,lnr,lnrdefi,https://lunar.io/crystals
112,GM fren$,3000.0,ETH,False,,,,,CyxygNw65x,GMfrensDAO,https://kevinchoiart.com/gmfrens/
113,The AllBright Sisters,10000.0,ETH,True,0.2,,0.2,,syVHUpspKg,weareAllBright,https://allbrightcollective.com
114,PicaLions,8000.0,ETH,False,,,,,NZuNTcguW6,CiCKartworks,https://picalions.com
115,SuccessMetaCity,10000.0,ETH,True,0.09,2022-04-27 14:00:00,0.09,2022-04-27 14:00:00,successmetacity,successmetacity,https://www.successmetacity.com/
116,SaveWorldNFTs,5000.0,,True,,,,,adfbFZCHmM,saveworldwarnft,https://www.saveworldnfts.com/
117,NFT2Metaverse,9999.0,ETH,False,,,,,eQMACVpU8s,Nft2metaversei,https://nft2metaverse.io/
118,Funny EGGZ - FEGGZ,5000.0,,False,,,,,feggz,FeggzNFT,https://feggz.io/
119,Wrapped Hotels Genesis 1,999.0,ETH,False,,,,,wrappedhotels,WrappedHotels,https://wrappedhotels.io
120,Frahm,1100.0,,False,,,,,u4m9ma56GN,frahm_art,https://frahm.art/
121,CarelessCatDoCare,10000.0,ETH,False,,,,,ccdc,CCDCofficial,https://carelesscatdocare.com/
122,ALPHA BULLS,7777.0,ETH,False,,,,,ny7YvyMkYk,thealphabulls,https://alphabulls.io
123,Midnite Movie Club,5555.0,ETH,False,,,,,MovieClubNFT,MovieClubNFT,https://midnitemovieclub.com
124,DrinkingTrees NFT,10000.0,ETH,False,,,,,8ASzg4gN4m,drinkingtrees,https://drinkingtrees.io
125,MetalazySociety,6500.0,ETH,False,,,,,NZRKJ9fh6u,MetaLazySociety,https://metalazysociety.com/
126,NiftyDOS,10000.0,ETH,False,,,,,qG6xDQKyGN,TheNiftyDOS,https://niftydos.com/
127,CyberZillaz Genesis,2222.0,,False,,,,,cyberzillaz,CyberZillaz,https://cyberzillaz.xyz/
128,MAMU,5555.0,SOL,False,,,,,mamunft,MamuNftWorld,https://mamu.digital/
129,Metajewelz,7777.0,ETH,False,,,,,KS2jGN6drD,metajewelz,https://metajewelznft.com
130,The Humanians,10000.0,ETH,False,,,,,thehumanians,TheHumanians,https://thehumanians.com/
131,Meta Monks,10000.0,ETH,False,,,,,KDxfnxMRt5,MonksMeta,https://www.metamonks.online
132,Pastel Persons,8900.0,ETH,False,,,,,TY2cqrXAjc,[object Object],https://www.pastelpersons.com
133,Gangsta Ape Club,9998.0,ETH,True,,2022-04-29 08:52:00,,2022-04-29 08:52:00,HQ7VP8Tk9B,GangstaApeClub,https://gangstaapeclub.com/
134,Wizard Land,11111.0,ETH,False,,,,,wizardland,wizardland_io,https://www.wizardland.io
135,Chilled Camel Club,10000.0,SOL,False,,,,,qRcQ9sX2HF,ChilledCamelC,https://chilledcamelclub.com
136,Sol Ape Girls,1272.0,SOL,False,,,,,dJbcmeaHbT,SolApeGirls,https://solapegirl.com/
137,Guardians of Sumantria,6777.0,ETH,False,,,,,nftsumantria,nftsumantria,https://sumantria.com
138,ORIGIN BEAST,5000.0,ETH,False,,,,,originbeast,origin_beast,https://www.originbeast.com/
139,Aunty Vax NFT,5555.0,ETH,False,,,,,An5ANqqe9p,auntyvaxnft,https://auntyvaxnft.io/
140,Hedge Fund Hyenas,2100.0,ETH,True,0.04,2022-04-29 00:00:00,0.04,2022-04-29 00:00:00,hfh,HedgeFundHyenas,https://www.hedgefundhyenas.com/
141,Simeon,9999.0,ETH,False,,,,,V2XpPQEkFQ,SimeonNFT?s=20&t=ifr6L2XHYPY2PYATai4ehg,https://simeon9999.io/
142,The Tiger Clan,10000.0,ETH,True,0.15,,0.15,,jAqbvKjXK5,TigerClanNFT,https://www.thetigerclan.com/
143,Metafrens,1000.0,ETH,False,,,,,rc3nwqgqzt,metafrens_nft,http://metafrens.club
144,SuperSOL,2222.0,SOL,False,,,,,4hDDF8rQsA,SuperSol_X,https://thesupersol.net/
145,Space Cadets,10000.0,ETH,False,,,,,spacecadetsnft,spacecadetnft,https://spacecadetsnft.com
146,Dope Baby Apes,6666.0,SOL,True,0.6,,0.6,,dopeapes,DopeApes,https://dopeapes.com/
147,NextMoon,8230.0,SOL,False,,,,,QefaFSNgKr,nextmoonio,https://www.nextmoon.io/
148,AquaHeads,3333.0,SOL,True,,2022-04-30 09:00:00,,2022-04-30 09:00:00,gpv4TZ2dJt,AquaHeadNFTclub,https://aquaheads.com
149,Shield Warrior Ape Gang - SWAG,1111.0,ETH,False,,,,,uhr2uU6GVf,shield2protocol,https://shieldprotocol.org/
150,CryptoBoo!,77.0,ETH,False,,,,,xxX7MUTfhp,Crypto_Jutsu,https://cryptojutsu.com/cryptoboo/
151,Power Sisters Genesis,999.0,ETH,False,,,,,powersistersnft,powersistersnft,https://www.thepowersistersclub.com/
152,Chibi Club,10000.0,ETH,False,,,,,4GE9rYnv34,TheChibiClub,https://www.chibiclub.io/
153,Cinema Apes`,8888.0,ETH,False,,,,,cinemaapes,cinemaapes,https://cinemaapes.club
154,FACE X,1.0,,False,,,,,9z4NP3kQ,facex_nft,https://facexclub.com
155,Gopniks On The Chain,10007.0,ETH,False,,,,,SSRxgvJNRM,GopniksOTC,https://www.gopniksonthechain.com/
156,Long Neckie Kids,18000.0,ETH,False,,,,,E2e8smHGek,NylaCollection,https://7gl.7c5.myftpupload.com/
157,MetaSyndicate,7777.0,ETH,False,,,,,metasyndicate,meta_syndicate,https://metasyndicate.io
158,Rhino Savanna,5999.0,SOL,False,,,,,RHINOSAVANNANFT,RHINOSAVANNANFT,https://www.rhinosavanna.earth
159,Crush Cancer NFT,1000.0,ETH,False,,,,,5gEYH8KyFz,LetsCrushCancer,https://CrushCancerNFT.com
160,Meta Survivors Club NFT,5555.0,,True,,,,,metasurvivors,Meta_Survivors,http://meta-survivors.com/
161,Raccoon of Sengoku,5555.0,EGLD,False,,,,,JynUTRszHF,nft_sengoku,https://sengokus.jp/
162,ICHIKA,2222.0,ETH,False,,,,,yEWGTaXw6z,ichika_nft,https://www.ichikastudio.com
163,MoonBabes,8888.0,MATIC,False,,,,,BSKebxFkYm,moon_babes,https://moonbabes.space
164,Sukiru AI,8888.0,ETH,False,,,,,G2mC65DPRJ,sukiruAI,https://sukiruai.com
165,CyberModern,1000.0,ETH,False,,,,,eWKxGHAQd5,CyberModernNFT,https://cybermodern.art/
166,Ksekai,6000.0,ETH,True,0.15,,0.15,,wr4gVc5h2u,ksekainft,https://ksekai.com/
167,Cigar Life,1500.0,ETH,False,,,,,vBVUqQYj,CigarLifeNFT,https://cigarlifenft.com
168,OneAndZero,10000.0,ETH,False,,,,,oneandzero,OneAndZero_NFT,https://www.oneandzero.io
169,Designer Bear Club,5000.0,ETH,False,,,,,Sg7Y6xu5bA,designerbearNFT,https://www.designerbearclub.io/
170,Solana Bulls Society,5555.0,SOL,False,,,,,FBc7dXhz9b,SolBullSociety,https://solanabullsociety.com/
171,Dreamerz,10000.0,ETH,False,,,,,dreamerz,projectdreamerz,https://dreamerz.io
172,Ästhetik-Profiles,2222.0,SOL,True,,2022-05-01 11:00:00,,2022-05-01 11:00:00,VYcfGq4nBn,AsthetikP_nft,https://www.aepnft.com/
173,MetaPlayers,2222.0,SOL,True,0.7,2022-05-01 00:00:00,0.7,2022-05-01 00:00:00,kxW4XCb4YD,MetaPlayersNFTS,https://metaplayersnft.com/
174,CryptoSpacePunks,10000.0,ETH,False,,,,,ntXfbjUvgh,cryptospacepunk,https://cryptospacepunks.io/
175,Tunies,7500.0,ETH,True,0.06,2022-05-01 17:00:00,0.06,2022-05-01 17:00:00,tunies,tuniesnft,https://www.jakebaynham.com/tunies
176,Animal Priority - the animal care club,10000.0,ETH,False,,,,,BqQeCqM9BW,animal_priority,https://www.animal-priority.com/
177,Billionaire Babies,5555.0,ETH,False,,,,,PuEBAzB3h9,bilbabiesnft,https://www.billionairebabies.io/
178,Project X,10000.0,ETH,False,,,,,No discord ,TheprojectX_Nft,https://theprojectx.net/
179,Sprouts,1000.0,ETH,True,0.1,,0.1,,ejaVjSw9aD,Sprouts_NFT,https://sproutsnft.io
180,ERROR 404! MNF - Original Clones,4444.0,ETH,False,,,,,ddbbnRkbfj,404Metaverse,https://metaversenotfound.com/
181,WaffleNFT,2500.0,SOL,False,,,,,96QBSE4j59,wafflenft,https://wafflenft.uk/
182,DEDFAM,10000.0,ETH,True,,2022-05-04 10:00:00,,2022-05-04 10:00:00,KaK7HwcM,dedfamworld,https://dedfam.world
183,Punk Angels by PunkMeTender,8888.0,ETH,True,0.19,,0.19,,ZX27uUQBqu,punkangelsnft,https://www.punkangels.io
184,Euphorian Apes Club,2220.0,ETH,False,,,,,UEpNBaht45,EuphorianApes,https://www.euphorians.io/
185,SHIBAYC,6666.0,ETH,False,,,,,SHIBAYC,shibayc_eth,https://shibayc.com
186,WAREHOUSE VEGETABLES GANG,10000.0,ETH,True,0.05,,0.05,,sHqaUNpvR6,WVG_OFFICIAL,https://warehousevegetablesgang.com/
187,Doodle Gummies,3333.0,,True,,2022-05-06 00:00:00,,2022-05-06 00:00:00,bRXKgVdBHU,crypto_cafenfts,https://www.cryptocafenfts.com
188,Ric Rac Equestrian Club,6969.0,ETH,False,,,,,KbSfMYuMZ2,ricracclub,https://www.ricracclub.com
189,PixaWargs,500.0,ETH,False,,,,,pixa,pixa_nft,https://pixanft.com
190,WoodMiners,999.0,SOL,False,,,,,Pve3rmKpxN,WoodMiners,https://woodminers.com/
191,SixthRéseau,7777.0,ETH,True,0.15,,0.15,,reseau,sixthreseau,https://www.reseauclo.com/
192,Dino Kids Club,8888.0,,False,,,,,dinokids,DinoKidsClub,http://dinokidsclub.io
193,Boo Things,10000.0,,False,,,,,EJy9NKh3gH,BooThingsNFT,https://boothings.xyz
194,SADBOYSCLUB,9999.0,ETH,True,0.04,2022-05-08 00:00:00,0.04,2022-05-08 00:00:00,sadboysclub,sadboysclubNFT,https://www.sadboysclub.space/
195,Pharagods,3333.0,ETH,False,,,,,384NOKY,pharagods,https://bit.ly/3rCZADp
196,TRex Sapiens Order,5959.0,ETH,False,,,,,7JzgwYDJht,TrexSapiensOrd,https://www.trexsapiens-order.com/
197,Yellow Fames,500.0,ETH,True,0.15,2022-05-09 00:00:00,0.15,2022-05-09 00:00:00,yellowfames,yellowfames,https://yellowfames.com/
198,Voxel Doge,1050.0,ETH,False,,,,,2z5PpXsS2K,CRYPT056,https://voxeldoge.xyz/
199,Grizzly Force,10050.0,ETH,False,,,,,Cj42Smu9Q5,GrizzlyForceNFT?t=Wbk09X1B-3tw-MXRVtKWzw&s=08,https://grizzlyforce.io/
200,Noahs Ark,3456.0,SOL,True,0.7,,0.7,,6nkDMCEWWV,NftNoahsArk,https://NoahsArkNFT.us
201,Simp Killer Waifu NFTs,6969.0,ETH,True,,2022-05-12 00:00:00,,2022-05-12 00:00:00,ywW8xDHMvU,killerwaifunfts,https://Simpkillerwaifu.com
202,Bet Placer's Club,10000.0,ETH,False,,,,,betplacersclub,betplacersclub,https://betplacersclub.com/
203,Blitzed Bucks Hunting Club,8500.0,ETH,False,,,,,3A7dj5wtDq,BlitzedBucksNFT,https://www.blitzedbuckshuntingclub.com/
204,Apes Generation-X,8888.0,ETH,False,,,,,KV6qcHmahZ,ApesGenX,https://www.apesgeneration-x.io/
205,Creative Friendz,8888.0,ETH,True,,2022-05-14 00:00:00,,2022-05-14 00:00:00,creativefriendz,CreativeFriendz,https://www.creativefriendz.com/
206,Furry Friends NFTs,9999.0,ETH,True,0.07,,0.07,,PQ5fdTn7hH,FurryFriends_io,https://furryfriends.io
207,DoomBoo,5555.0,ETH,False,,,,,xdrrbtnBAB,doombooNFT,https://doomboo.io
208,Cheebs,10000.0,ETH,True,,2022-05-15 13:00:00,,2022-05-15 13:00:00,cheebs,cheebsnft,http://www.cheebsnft.com/
209,Planet of Cyborgs,6622.0,ETH,True,0.06,,0.06,,poc-nft,PoC_NFT,https://www.planetofcyborgs.com/
210,Flower Lolita,6666.0,ETH,False,,,,,RMhMSUkEKs,flowerlolitanft,https://www.flowerlolita.io/
211,Doodle Slayer,5000.0,,False,,,,,PR7r8WEd5K,doodleslayernft,https://www.doodleslayernft.com/
212,Streetlab.io | Launching Genesis Collection on May 15,8888.0,,False,,,,,phATapAshn,Streetlab_io,https://streetlab.io/
213,Rogue Dice Club,6000.0,ETH,False,,,,,AVXkRckW9g,RogueDiceClub,https://Roguediceclub.com
214,Baby Mini Monkeys,2500.0,,True,,,,,p8t7bgKzsy,minimonkeymafia,https://www.MiniMonkeyMafia.com
215,Boonies Skull,5555.0,ETH,False,,,,,Yfrk2qdGhe,BooniesSkullNFT,https://booniesskull.com/
216,METAFLIESCLUB,10000.0,ETH,True,,2022-05-20 11:00:00,,2022-05-20 11:00:00,MdjqPSHj6X,metafliesclub,https://metafliesclub.com
217,Skull Demolition,7777.0,ETH,False,,,,,KW6BMJm2B9,SkullDemolition,http://www.skulldemolition.com
218,Cool Gorilla Beach Club,10000.0,ETH,False,,,,,65wSm9GaWb,CoolGorillaBC,http://coolgorillabeachclub.com/
219,Final Humans,6000.0,SOL,False,,,,,CR3E3YEvUF,FinalHumans,https://finalhumans.com/
220,Little Women,8888.0,,False,,,,,gUydugCMy7,LittleWomen_NFT,https://littlewomen.io
221,Awesome Possums,100000.0,ETH,False,,,,,928144843371315253,1_AwesomePossum,https://awesomepossums.io
222,Wild Fox Squad,10.0,ETH,False,,,,,g9wNFPvB,WildFoxSquadNFT,https://www.wildfoxsquad.com
223,The Last Mayan Treasure,9999.0,ETH,False,,,,,5QGBX95Evh,Last_Mayan_NFT,https://www.thelastmayantreasure.io
224,Denizen,9999.0,ETH,False,,,,,denizen,denizenio,https://denizen.io
225,Glody Knights,6500.0,ETH,False,,,,,glodyknights,GlodyKnightsNFT,https://www.glodyknights.com
226,Mini Moo NFT,10000.0,ETH,True,0.04,,0.04,,dFRKMM6P3Q,MiniMooNFT,https://www.minimoonft.com/
227,The Kids,9001.0,,False,,,,,CGmAuACtRh,wethekidsNFT,https://www.wethekids.xyz/
228,Ponini's,,,False,,,,,z7HFNAJkeY,poninisnft,https://www.poninis.com
229,CavernCores,125.0,DAI,False,,,,,caverncores,CavernCores,https://caverncores.com
230,Cool Astronauts,3333.0,ETH,False,,,,,FAA65MbNpg,CoolAstronauts,https://coolastronauts.art/
231,Pit Puppies,5000.0,MATIC,True,10.0,2022-06-01 09:00:00,10.0,2022-06-01 09:00:00,GAJPfv5Vpu,vianijoe,https://www.pitpuppies.app
232,Silly Pineapple Club,10000.0,ETH,True,0.06,2022-06-01 17:00:00,0.06,2022-06-01 17:00:00,nUWhtExCkw,SillyPineClub?t=188UtJhUVPjT-5iuh75U8w&s=09,https://sillypineapplenft.com/#
233,Arcadm,25.0,ETH,False,,,,,976DrsZtk7,Arcadmverse,https://www.arcadm.io/
234,Country Ape Squad,10000.0,ETH,False,,,,,2VwgXzX8,CountryApeSquad,https://countryapesquad.com/
235,Fancy Fox Association,9189.0,SOL,False,,,,,eAgqaA9Rrn,fancyfoxassoc,https://www.fancyfoxassociation.org/
236,MyWorld,10000.0,MATIC,True,,2022-06-04 00:00:00,,2022-06-04 00:00:00,7PaBK6BbAj,myworld_nft,https://www.my-world-nft.com
237,Sewer Squad,9420.0,ETH,True,0.069,2022-06-05 15:00:00,0.069,2022-06-05 15:00:00,wn9YewYDRq,sewersquadnft,https://sewersquadnft.com
238,CrypTickz,6969.0,ETH,False,,,,,VpTqJ9a9h7,CrypTickzNFT,https://www.cryptickz.io
239,Galactic Apeventures,6666.0,ETH,False,,,,,HrAeKG2YXM,apeventuresnft,https://www.galacticapeventures.io/
240,Ġalavant by Gorilla Mobile,8888.0,ETH,True,,2022-06-17 05:00:00,,2022-06-17 05:00:00,hbkRgEczBw,GorillaGoMobile,https://gorilla.global/metaverse/glvt
241,PrimoMartians,6685.0,ETH,False,,,,,VXdgAJkHDE,PrimoMartians,https://www.primomartians.io
242,Silverback Rhino's,2800.0,ETH,False,,,,,JtwEZyAwcW,SBR_nft,https://www.silverbackrhinos.com/
243,The Island,5668.0,ETH,False,,,,,ArgKA4jz,The_IslandNFT,https://theislandnft.io/
244,THE ALL SEEING LEMON,11011.0,,False,,,,,UKrhGketaN,allseeinglemon,https://allseeinglemon.io
245,ZODIAC PROJECT,12052.0,ETH,False,,,,,VDdk4YdRgH,zdc_project,https://www.zodiacproject.io/
246,Bad Ape Pirate Crew,10000.0,,False,,,,,wjutTte6sW,BadApePirates,https://badapepiratecrew.com/
247,Mofu Mofu Girls NFT,8888.0,ETH,True,0.05,,0.05,,WZ8JyJaXp3,mfmfgirls,https://mofumofugirls.com/
248,Now For Them,7777.0,,False,,,,,ma6jsYXPUj,nowforthemnft,https://www.nowforthem.com/
249,Welly Friends,10000.0,ETH,False,,,,,wellyfriends,wellyfriends,https://www.eatwellys.com
